id,name,image
1092,calyrex-shadow,https://raw.githubusercontent.com/PokeAPI/sprites/master/sprites/pokemon/1092.png
1091,calyrex-ice,https://raw.githubusercontent.com/PokeAPI/sprites/master/sprites/pokemon/1091.png
1085,zarude-dada,https://raw.githubusercontent.com/PokeAPI/sprites/master/sprites/pokemon/1085.png
1083,urshifu-rapid-strike,https://raw.githubusercontent.com/PokeAPI/sprites/master/sprites/pokemon/1083.png
1080,eternatus-eternamax,https://raw.githubusercontent.com/PokeAPI/sprites/master/sprites/pokemon/1080.png
1078,zamazenta-crowned,https://raw.githubusercontent.com/PokeAPI/sprites/master/sprites/pokemon/1078.png
1076,zacian-crowned,https://raw.githubusercontent.com/PokeAPI/sprites/master/sprites/pokemon/1076.png
1064,morpeko-hangry,https://raw.githubusercontent.com/PokeAPI/sprites/master/sprites/pokemon/1064.png
1062,indeedee-female,https://raw.githubusercontent.com/PokeAPI/sprites/master/sprites/pokemon/1062.png
1033,toxtricity-low-key,https://raw.githubusercontent.com/PokeAPI/sprites/master/sprites/pokemon/1033.png
1028,cramorant-gorging,https://raw.githubusercontent.com/PokeAPI/sprites/master/sprites/pokemon/1028.png
1027,cramorant-gulping,https://raw.githubusercontent.com/PokeAPI/sprites/master/sprites/pokemon/1027.png
859,zygarde-10,https://raw.githubusercontent.com/PokeAPI/sprites/master/sprites/pokemon/859.png
741,stunfisk-galar,https://raw.githubusercontent.com/PokeAPI/sprites/master/sprites/pokemon/741.png
684,yamask-galar,https://raw.githubusercontent.com/PokeAPI/sprites/master/sprites/pokemon/684.png
676,darmanitan-galar-zen,https://raw.githubusercontent.com/PokeAPI/sprites/master/sprites/pokemon/676.png
364,linoone-galar,https://raw.githubusercontent.com/PokeAPI/sprites/master/sprites/pokemon/364.png
362,zigzagoon-galar,https://raw.githubusercontent.com/PokeAPI/sprites/master/sprites/pokemon/362.png
131,slowking-galar,https://raw.githubusercontent.com/PokeAPI/sprites/master/sprites/pokemon/131.png
241,moltres-galar,https://raw.githubusercontent.com/PokeAPI/sprites/master/sprites/pokemon/241.png
239,zapdos-galar,https://raw.githubusercontent.com/PokeAPI/sprites/master/sprites/pokemon/239.png
237,articuno-galar,https://raw.githubusercontent.com/PokeAPI/sprites/master/sprites/pokemon/237.png
195,mr-mime-galar,https://raw.githubusercontent.com/PokeAPI/sprites/master/sprites/pokemon/195.png
175,weezing-galar,https://raw.githubusercontent.com/PokeAPI/sprites/master/sprites/pokemon/175.png
129,slowbro-galar,https://raw.githubusercontent.com/PokeAPI/sprites/master/sprites/pokemon/129.png
124,rapidash-galar,https://raw.githubusercontent.com/PokeAPI/sprites/master/sprites/pokemon/124.png
980,necrozma-ultra,https://raw.githubusercontent.com/PokeAPI/sprites/master/sprites/pokemon/980.png
979,necrozma-dawn,https://raw.githubusercontent.com/PokeAPI/sprites/master/sprites/pokemon/979.png
978,necrozma-dusk,https://raw.githubusercontent.com/PokeAPI/sprites/master/sprites/pokemon/978.png
950,togedemaru-totem,https://raw.githubusercontent.com/PokeAPI/sprites/master/sprites/pokemon/950.png
909,araquanid-totem,https://raw.githubusercontent.com/PokeAPI/sprites/master/sprites/pokemon/909.png
895,ribombee-totem,https://raw.githubusercontent.com/PokeAPI/sprites/master/sprites/pokemon/895.png
166,marowak-totem,https://raw.githubusercontent.com/PokeAPI/sprites/master/sprites/pokemon/166.png
982,magearna-original,https://raw.githubusercontent.com/PokeAPI/sprites/master/sprites/pokemon/982.png
961,kommo-o-totem,https://raw.githubusercontent.com/PokeAPI/sprites/master/sprites/pokemon/961.png
954,mimikyu-totem-busted,https://raw.githubusercontent.com/PokeAPI/sprites/master/sprites/pokemon/954.png
953,mimikyu-totem-disguised,https://raw.githubusercontent.com/PokeAPI/sprites/master/sprites/pokemon/953.png
952,mimikyu-busted,https://raw.githubusercontent.com/PokeAPI/sprites/master/sprites/pokemon/952.png
946,minior-violet,https://raw.githubusercontent.com/PokeAPI/sprites/master/sprites/pokemon/946.png
945,minior-indigo,https://raw.githubusercontent.com/PokeAPI/sprites/master/sprites/pokemon/945.png
944,minior-blue,https://raw.githubusercontent.com/PokeAPI/sprites/master/sprites/pokemon/944.png
943,minior-green,https://raw.githubusercontent.com/PokeAPI/sprites/master/sprites/pokemon/943.png
942,minior-yellow,https://raw.githubusercontent.com/PokeAPI/sprites/master/sprites/pokemon/942.png
941,minior-orange,https://raw.githubusercontent.com/PokeAPI/sprites/master/sprites/pokemon/941.png
940,minior-red,https://raw.githubusercontent.com/PokeAPI/sprites/master/sprites/pokemon/940.png
939,minior-violet-meteor,https://raw.githubusercontent.com/PokeAPI/sprites/master/sprites/pokemon/939.png
938,minior-indigo-meteor,https://raw.githubusercontent.com/PokeAPI/sprites/master/sprites/pokemon/938.png
937,minior-blue-meteor,https://raw.githubusercontent.com/PokeAPI/sprites/master/sprites/pokemon/937.png
936,minior-green-meteor,https://raw.githubusercontent.com/PokeAPI/sprites/master/sprites/pokemon/936.png
935,minior-yellow-meteor,https://raw.githubusercontent.com/PokeAPI/sprites/master/sprites/pokemon/935.png
934,minior-orange-meteor,https://raw.githubusercontent.com/PokeAPI/sprites/master/sprites/pokemon/934.png
917,salazzle-totem,https://raw.githubusercontent.com/PokeAPI/sprites/master/sprites/pokemon/917.png
892,oricorio-sensu,https://raw.githubusercontent.com/PokeAPI/sprites/master/sprites/pokemon/892.png
891,oricorio-pau,https://raw.githubusercontent.com/PokeAPI/sprites/master/sprites/pokemon/891.png
890,oricorio-pom-pom,https://raw.githubusercontent.com/PokeAPI/sprites/master/sprites/pokemon/890.png
886,vikavolt-totem,https://raw.githubusercontent.com/PokeAPI/sprites/master/sprites/pokemon/886.png
862,zygarde-complete,https://raw.githubusercontent.com/PokeAPI/sprites/master/sprites/pokemon/862.png
861,zygarde-50-power-construct,https://raw.githubusercontent.com/PokeAPI/sprites/master/sprites/pokemon/861.png
860,zygarde-10-power-construct,https://raw.githubusercontent.com/PokeAPI/sprites/master/sprites/pokemon/860.png
790,greninja-ash,https://raw.githubusercontent.com/PokeAPI/sprites/master/sprites/pokemon/790.png
789,greninja-battle-bond,https://raw.githubusercontent.com/PokeAPI/sprites/master/sprites/pokemon/789.png
165,marowak-alola,https://raw.githubusercontent.com/PokeAPI/sprites/master/sprites/pokemon/165.png
162,exeggutor-alola,https://raw.githubusercontent.com/PokeAPI/sprites/master/sprites/pokemon/162.png
144,muk-alola,https://raw.githubusercontent.com/PokeAPI/sprites/master/sprites/pokemon/144.png
142,grimer-alola,https://raw.githubusercontent.com/PokeAPI/sprites/master/sprites/pokemon/142.png
120,golem-alola,https://raw.githubusercontent.com/PokeAPI/sprites/master/sprites/pokemon/120.png
118,graveler-alola,https://raw.githubusercontent.com/PokeAPI/sprites/master/sprites/pokemon/118.png
116,geodude-alola,https://raw.githubusercontent.com/PokeAPI/sprites/master/sprites/pokemon/116.png
87,dugtrio-alola,https://raw.githubusercontent.com/PokeAPI/sprites/master/sprites/pokemon/87.png
85,diglett-alola,https://raw.githubusercontent.com/PokeAPI/sprites/master/sprites/pokemon/85.png
69,ninetales-alola,https://raw.githubusercontent.com/PokeAPI/sprites/master/sprites/pokemon/69.png
56,sandslash-alola,https://raw.githubusercontent.com/PokeAPI/sprites/master/sprites/pokemon/56.png
54,sandshrew-alola,https://raw.githubusercontent.com/PokeAPI/sprites/master/sprites/pokemon/54.png
52,raichu-alola,https://raw.githubusercontent.com/PokeAPI/sprites/master/sprites/pokemon/52.png
29,raticate-totem-alola,https://raw.githubusercontent.com/PokeAPI/sprites/master/sprites/pokemon/29.png
28,raticate-alola,https://raw.githubusercontent.com/PokeAPI/sprites/master/sprites/pokemon/28.png
26,rattata-alola,https://raw.githubusercontent.com/PokeAPI/sprites/master/sprites/pokemon/26.png
20,beedrill-mega,https://raw.githubusercontent.com/PokeAPI/sprites/master/sprites/pokemon/20.png
495,salamence-mega,https://raw.githubusercontent.com/PokeAPI/sprites/master/sprites/pokemon/495.png
559,lopunny-mega,https://raw.githubusercontent.com/PokeAPI/sprites/master/sprites/pokemon/559.png
435,camerupt-mega,https://raw.githubusercontent.com/PokeAPI/sprites/master/sprites/pokemon/435.png
866,hoopa-unbound,https://raw.githubusercontent.com/PokeAPI/sprites/master/sprites/pokemon/866.png
512,rayquaza-mega,https://raw.githubusercontent.com/PokeAPI/sprites/master/sprites/pokemon/512.png
510,groudon-primal,https://raw.githubusercontent.com/PokeAPI/sprites/master/sprites/pokemon/510.png
499,metagross-mega,https://raw.githubusercontent.com/PokeAPI/sprites/master/sprites/pokemon/499.png
864,diancie-mega,https://raw.githubusercontent.com/PokeAPI/sprites/master/sprites/pokemon/864.png
24,pidgeot-mega,https://raw.githubusercontent.com/PokeAPI/sprites/master/sprites/pokemon/24.png
153,steelix-mega,https://raw.githubusercontent.com/PokeAPI/sprites/master/sprites/pokemon/153.png
128,slowbro-mega,https://raw.githubusercontent.com/PokeAPI/sprites/master/sprites/pokemon/128.png
430,sharpedo-mega,https://raw.githubusercontent.com/PokeAPI/sprites/master/sprites/pokemon/430.png
647,audino-mega,https://raw.githubusercontent.com/PokeAPI/sprites/master/sprites/pokemon/647.png
385,gallade-mega,https://raw.githubusercontent.com/PokeAPI/sprites/master/sprites/pokemon/385.png
447,altaria-mega,https://raw.githubusercontent.com/PokeAPI/sprites/master/sprites/pokemon/447.png
406,sableye-mega,https://raw.githubusercontent.com/PokeAPI/sprites/master/sprites/pokemon/406.png
350,sceptile-mega,https://raw.githubusercontent.com/PokeAPI/sprites/master/sprites/pokemon/350.png
358,swampert-mega,https://raw.githubusercontent.com/PokeAPI/sprites/master/sprites/pokemon/358.png
506,latios-mega,https://raw.githubusercontent.com/PokeAPI/sprites/master/sprites/pokemon/506.png
504,latias-mega,https://raw.githubusercontent.com/PokeAPI/sprites/master/sprites/pokemon/504.png
586,abomasnow-mega,https://raw.githubusercontent.com/PokeAPI/sprites/master/sprites/pokemon/586.png
574,lucario-mega,https://raw.githubusercontent.com/PokeAPI/sprites/master/sprites/pokemon/574.png
571,garchomp-mega,https://raw.githubusercontent.com/PokeAPI/sprites/master/sprites/pokemon/571.png
415,medicham-mega,https://raw.githubusercontent.com/PokeAPI/sprites/master/sprites/pokemon/415.png
408,mawile-mega,https://raw.githubusercontent.com/PokeAPI/sprites/master/sprites/pokemon/408.png
383,gardevoir-mega,https://raw.githubusercontent.com/PokeAPI/sprites/master/sprites/pokemon/383.png
354,blaziken-mega,https://raw.githubusercontent.com/PokeAPI/sprites/master/sprites/pokemon/354.png
343,tyranitar-mega,https://raw.githubusercontent.com/PokeAPI/sprites/master/sprites/pokemon/343.png
331,houndoom-mega,https://raw.githubusercontent.com/PokeAPI/sprites/master/sprites/pokemon/331.png
311,heracross-mega,https://raw.githubusercontent.com/PokeAPI/sprites/master/sprites/pokemon/311.png
198,scizor-mega,https://raw.githubusercontent.com/PokeAPI/sprites/master/sprites/pokemon/198.png
276,ampharos-mega,https://raw.githubusercontent.com/PokeAPI/sprites/master/sprites/pokemon/276.png
246,mewtwo-mega-x,https://raw.githubusercontent.com/PokeAPI/sprites/master/sprites/pokemon/246.png
233,aerodactyl-mega,https://raw.githubusercontent.com/PokeAPI/sprites/master/sprites/pokemon/233.png
212,gyarados-mega,https://raw.githubusercontent.com/PokeAPI/sprites/master/sprites/pokemon/212.png
208,pinsir-mega,https://raw.githubusercontent.com/PokeAPI/sprites/master/sprites/pokemon/208.png
150,gengar-mega,https://raw.githubusercontent.com/PokeAPI/sprites/master/sprites/pokemon/150.png
9,charizard-mega-y,https://raw.githubusercontent.com/PokeAPI/sprites/master/sprites/pokemon/9.png
8,charizard-mega-x,https://raw.githubusercontent.com/PokeAPI/sprites/master/sprites/pokemon/8.png
4,venusaur-mega,https://raw.githubusercontent.com/PokeAPI/sprites/master/sprites/pokemon/4.png
851,gourgeist-super,https://raw.githubusercontent.com/PokeAPI/sprites/master/sprites/pokemon/851.png
850,gourgeist-large,https://raw.githubusercontent.com/PokeAPI/sprites/master/sprites/pokemon/850.png
849,gourgeist-small,https://raw.githubusercontent.com/PokeAPI/sprites/master/sprites/pokemon/849.png
847,pumpkaboo-super,https://raw.githubusercontent.com/PokeAPI/sprites/master/sprites/pokemon/847.png
846,pumpkaboo-large,https://raw.githubusercontent.com/PokeAPI/sprites/master/sprites/pokemon/846.png
845,pumpkaboo-small,https://raw.githubusercontent.com/PokeAPI/sprites/master/sprites/pokemon/845.png
816,aegislash-blade,https://raw.githubusercontent.com/PokeAPI/sprites/master/sprites/pokemon/816.png
776,keldeo-resolute,https://raw.githubusercontent.com/PokeAPI/sprites/master/sprites/pokemon/776.png
773,kyurem-white,https://raw.githubusercontent.com/PokeAPI/sprites/master/sprites/pokemon/773.png
774,kyurem-black,https://raw.githubusercontent.com/PokeAPI/sprites/master/sprites/pokemon/774.png
771,landorus-therian,https://raw.githubusercontent.com/PokeAPI/sprites/master/sprites/pokemon/771.png
767,thundurus-therian,https://raw.githubusercontent.com/PokeAPI/sprites/master/sprites/pokemon/767.png
778,meloetta-pirouette,https://raw.githubusercontent.com/PokeAPI/sprites/master/sprites/pokemon/778.png
674,darmanitan-zen,https://raw.githubusercontent.com/PokeAPI/sprites/master/sprites/pokemon/674.png
592,rotom-mow,https://raw.githubusercontent.com/PokeAPI/sprites/master/sprites/pokemon/592.png
591,rotom-fan,https://raw.githubusercontent.com/PokeAPI/sprites/master/sprites/pokemon/591.png
590,rotom-frost,https://raw.githubusercontent.com/PokeAPI/sprites/master/sprites/pokemon/590.png
589,rotom-wash,https://raw.githubusercontent.com/PokeAPI/sprites/master/sprites/pokemon/589.png
588,rotom-heat,https://raw.githubusercontent.com/PokeAPI/sprites/master/sprites/pokemon/588.png
601,giratina-origin,https://raw.githubusercontent.com/PokeAPI/sprites/master/sprites/pokemon/601.png
607,shaymin-sky,https://raw.githubusercontent.com/PokeAPI/sprites/master/sprites/pokemon/607.png
544,wormadam-trash,https://raw.githubusercontent.com/PokeAPI/sprites/master/sprites/pokemon/544.png
543,wormadam-sandy,https://raw.githubusercontent.com/PokeAPI/sprites/master/sprites/pokemon/543.png
1090,calyrex,https://raw.githubusercontent.com/PokeAPI/sprites/master/sprites/pokemon/1090.png
1084,zarude,https://raw.githubusercontent.com/PokeAPI/sprites/master/sprites/pokemon/1084.png
1082,urshifu-single-strike,https://raw.githubusercontent.com/PokeAPI/sprites/master/sprites/pokemon/1082.png
1079,eternatus,https://raw.githubusercontent.com/PokeAPI/sprites/master/sprites/pokemon/1079.png
1074,dragapult,https://raw.githubusercontent.com/PokeAPI/sprites/master/sprites/pokemon/1074.png
1073,drakloak,https://raw.githubusercontent.com/PokeAPI/sprites/master/sprites/pokemon/1073.png
1072,dreepy,https://raw.githubusercontent.com/PokeAPI/sprites/master/sprites/pokemon/1072.png
1071,duraludon,https://raw.githubusercontent.com/PokeAPI/sprites/master/sprites/pokemon/1071.png
1070,arctovish,https://raw.githubusercontent.com/PokeAPI/sprites/master/sprites/pokemon/1070.png
1069,dracovish,https://raw.githubusercontent.com/PokeAPI/sprites/master/sprites/pokemon/1069.png
1068,arctozolt,https://raw.githubusercontent.com/PokeAPI/sprites/master/sprites/pokemon/1068.png
1067,dracozolt,https://raw.githubusercontent.com/PokeAPI/sprites/master/sprites/pokemon/1067.png
1063,morpeko-full-belly,https://raw.githubusercontent.com/PokeAPI/sprites/master/sprites/pokemon/1063.png
1061,indeedee-male,https://raw.githubusercontent.com/PokeAPI/sprites/master/sprites/pokemon/1061.png
1057,frosmoth,https://raw.githubusercontent.com/PokeAPI/sprites/master/sprites/pokemon/1057.png
1056,snom,https://raw.githubusercontent.com/PokeAPI/sprites/master/sprites/pokemon/1056.png
1051,runerigus,https://raw.githubusercontent.com/PokeAPI/sprites/master/sprites/pokemon/1051.png
1050,mr-rime,https://raw.githubusercontent.com/PokeAPI/sprites/master/sprites/pokemon/1050.png
1046,obstagoon,https://raw.githubusercontent.com/PokeAPI/sprites/master/sprites/pokemon/1046.png
1045,grimmsnarl,https://raw.githubusercontent.com/PokeAPI/sprites/master/sprites/pokemon/1045.png
1044,morgrem,https://raw.githubusercontent.com/PokeAPI/sprites/master/sprites/pokemon/1044.png
1043,impidimp,https://raw.githubusercontent.com/PokeAPI/sprites/master/sprites/pokemon/1043.png
1042,hatterene,https://raw.githubusercontent.com/PokeAPI/sprites/master/sprites/pokemon/1042.png
1035,centiskorch,https://raw.githubusercontent.com/PokeAPI/sprites/master/sprites/pokemon/1035.png
1034,sizzlipede,https://raw.githubusercontent.com/PokeAPI/sprites/master/sprites/pokemon/1034.png
1032,toxtricity-amped,https://raw.githubusercontent.com/PokeAPI/sprites/master/sprites/pokemon/1032.png
1031,toxel,https://raw.githubusercontent.com/PokeAPI/sprites/master/sprites/pokemon/1031.png
1026,cramorant,https://raw.githubusercontent.com/PokeAPI/sprites/master/sprites/pokemon/1026.png
1023,appletun,https://raw.githubusercontent.com/PokeAPI/sprites/master/sprites/pokemon/1023.png
1022,flapple,https://raw.githubusercontent.com/PokeAPI/sprites/master/sprites/pokemon/1022.png
1021,applin,https://raw.githubusercontent.com/PokeAPI/sprites/master/sprites/pokemon/1021.png
1020,coalossal,https://raw.githubusercontent.com/PokeAPI/sprites/master/sprites/pokemon/1020.png
1019,carkol,https://raw.githubusercontent.com/PokeAPI/sprites/master/sprites/pokemon/1019.png
1015,drednaw,https://raw.githubusercontent.com/PokeAPI/sprites/master/sprites/pokemon/1015.png
1007,orbeetle,https://raw.githubusercontent.com/PokeAPI/sprites/master/sprites/pokemon/1007.png
1006,dottler,https://raw.githubusercontent.com/PokeAPI/sprites/master/sprites/pokemon/1006.png
1004,corviknight,https://raw.githubusercontent.com/PokeAPI/sprites/master/sprites/pokemon/1004.png
987,blacephalon,https://raw.githubusercontent.com/PokeAPI/sprites/master/sprites/pokemon/987.png
986,stakataka,https://raw.githubusercontent.com/PokeAPI/sprites/master/sprites/pokemon/986.png
985,naganadel,https://raw.githubusercontent.com/PokeAPI/sprites/master/sprites/pokemon/985.png
983,marshadow,https://raw.githubusercontent.com/PokeAPI/sprites/master/sprites/pokemon/983.png
981,magearna,https://raw.githubusercontent.com/PokeAPI/sprites/master/sprites/pokemon/981.png
976,guzzlord,https://raw.githubusercontent.com/PokeAPI/sprites/master/sprites/pokemon/976.png
975,kartana,https://raw.githubusercontent.com/PokeAPI/sprites/master/sprites/pokemon/975.png
974,celesteela,https://raw.githubusercontent.com/PokeAPI/sprites/master/sprites/pokemon/974.png
972,pheromosa,https://raw.githubusercontent.com/PokeAPI/sprites/master/sprites/pokemon/972.png
971,buzzwole,https://raw.githubusercontent.com/PokeAPI/sprites/master/sprites/pokemon/971.png
970,nihilego,https://raw.githubusercontent.com/PokeAPI/sprites/master/sprites/pokemon/970.png
969,lunala,https://raw.githubusercontent.com/PokeAPI/sprites/master/sprites/pokemon/969.png
968,solgaleo,https://raw.githubusercontent.com/PokeAPI/sprites/master/sprites/pokemon/968.png
965,tapu-fini,https://raw.githubusercontent.com/PokeAPI/sprites/master/sprites/pokemon/965.png
964,tapu-bulu,https://raw.githubusercontent.com/PokeAPI/sprites/master/sprites/pokemon/964.png
963,tapu-lele,https://raw.githubusercontent.com/PokeAPI/sprites/master/sprites/pokemon/963.png
962,tapu-koko,https://raw.githubusercontent.com/PokeAPI/sprites/master/sprites/pokemon/962.png
960,kommo-o,https://raw.githubusercontent.com/PokeAPI/sprites/master/sprites/pokemon/960.png
959,hakamo-o,https://raw.githubusercontent.com/PokeAPI/sprites/master/sprites/pokemon/959.png
957,dhelmise,https://raw.githubusercontent.com/PokeAPI/sprites/master/sprites/pokemon/957.png
956,drampa,https://raw.githubusercontent.com/PokeAPI/sprites/master/sprites/pokemon/956.png
955,bruxish,https://raw.githubusercontent.com/PokeAPI/sprites/master/sprites/pokemon/955.png
951,mimikyu-disguised,https://raw.githubusercontent.com/PokeAPI/sprites/master/sprites/pokemon/951.png
949,togedemaru,https://raw.githubusercontent.com/PokeAPI/sprites/master/sprites/pokemon/949.png
948,turtonator,https://raw.githubusercontent.com/PokeAPI/sprites/master/sprites/pokemon/948.png
933,minior-red-meteor,https://raw.githubusercontent.com/PokeAPI/sprites/master/sprites/pokemon/933.png
929,palossand,https://raw.githubusercontent.com/PokeAPI/sprites/master/sprites/pokemon/929.png
928,sandygast,https://raw.githubusercontent.com/PokeAPI/sprites/master/sprites/pokemon/928.png
927,golisopod,https://raw.githubusercontent.com/PokeAPI/sprites/master/sprites/pokemon/927.png
926,wimpod,https://raw.githubusercontent.com/PokeAPI/sprites/master/sprites/pokemon/926.png
924,oranguru,https://raw.githubusercontent.com/PokeAPI/sprites/master/sprites/pokemon/924.png
919,bewear,https://raw.githubusercontent.com/PokeAPI/sprites/master/sprites/pokemon/919.png
918,stufful,https://raw.githubusercontent.com/PokeAPI/sprites/master/sprites/pokemon/918.png
916,salazzle,https://raw.githubusercontent.com/PokeAPI/sprites/master/sprites/pokemon/916.png
915,salandit,https://raw.githubusercontent.com/PokeAPI/sprites/master/sprites/pokemon/915.png
914,shiinotic,https://raw.githubusercontent.com/PokeAPI/sprites/master/sprites/pokemon/914.png
913,morelull,https://raw.githubusercontent.com/PokeAPI/sprites/master/sprites/pokemon/913.png
908,araquanid,https://raw.githubusercontent.com/PokeAPI/sprites/master/sprites/pokemon/908.png
907,dewpider,https://raw.githubusercontent.com/PokeAPI/sprites/master/sprites/pokemon/907.png
904,toxapex,https://raw.githubusercontent.com/PokeAPI/sprites/master/sprites/pokemon/904.png
903,mareanie,https://raw.githubusercontent.com/PokeAPI/sprites/master/sprites/pokemon/903.png
894,ribombee,https://raw.githubusercontent.com/PokeAPI/sprites/master/sprites/pokemon/894.png
893,cutiefly,https://raw.githubusercontent.com/PokeAPI/sprites/master/sprites/pokemon/893.png
889,oricorio-baile,https://raw.githubusercontent.com/PokeAPI/sprites/master/sprites/pokemon/889.png
888,crabominable,https://raw.githubusercontent.com/PokeAPI/sprites/master/sprites/pokemon/888.png
885,vikavolt,https://raw.githubusercontent.com/PokeAPI/sprites/master/sprites/pokemon/885.png
884,charjabug,https://raw.githubusercontent.com/PokeAPI/sprites/master/sprites/pokemon/884.png
879,toucannon,https://raw.githubusercontent.com/PokeAPI/sprites/master/sprites/pokemon/879.png
878,trumbeak,https://raw.githubusercontent.com/PokeAPI/sprites/master/sprites/pokemon/878.png
877,pikipek,https://raw.githubusercontent.com/PokeAPI/sprites/master/sprites/pokemon/877.png
876,primarina,https://raw.githubusercontent.com/PokeAPI/sprites/master/sprites/pokemon/876.png
873,incineroar,https://raw.githubusercontent.com/PokeAPI/sprites/master/sprites/pokemon/873.png
870,decidueye,https://raw.githubusercontent.com/PokeAPI/sprites/master/sprites/pokemon/870.png
869,dartrix,https://raw.githubusercontent.com/PokeAPI/sprites/master/sprites/pokemon/869.png
868,rowlet,https://raw.githubusercontent.com/PokeAPI/sprites/master/sprites/pokemon/868.png
867,volcanion,https://raw.githubusercontent.com/PokeAPI/sprites/master/sprites/pokemon/867.png
865,hoopa,https://raw.githubusercontent.com/PokeAPI/sprites/master/sprites/pokemon/865.png
863,diancie,https://raw.githubusercontent.com/PokeAPI/sprites/master/sprites/pokemon/863.png
858,zygarde-50,https://raw.githubusercontent.com/PokeAPI/sprites/master/sprites/pokemon/858.png
857,yveltal,https://raw.githubusercontent.com/PokeAPI/sprites/master/sprites/pokemon/857.png
855,noivern,https://raw.githubusercontent.com/PokeAPI/sprites/master/sprites/pokemon/855.png
854,noibat,https://raw.githubusercontent.com/PokeAPI/sprites/master/sprites/pokemon/854.png
848,gourgeist-average,https://raw.githubusercontent.com/PokeAPI/sprites/master/sprites/pokemon/848.png
844,pumpkaboo-average,https://raw.githubusercontent.com/PokeAPI/sprites/master/sprites/pokemon/844.png
843,trevenant,https://raw.githubusercontent.com/PokeAPI/sprites/master/sprites/pokemon/843.png
842,phantump,https://raw.githubusercontent.com/PokeAPI/sprites/master/sprites/pokemon/842.png
841,klefki,https://raw.githubusercontent.com/PokeAPI/sprites/master/sprites/pokemon/841.png
837,carbink,https://raw.githubusercontent.com/PokeAPI/sprites/master/sprites/pokemon/837.png
836,dedenne,https://raw.githubusercontent.com/PokeAPI/sprites/master/sprites/pokemon/836.png
835,hawlucha,https://raw.githubusercontent.com/PokeAPI/sprites/master/sprites/pokemon/835.png
834,aurorus,https://raw.githubusercontent.com/PokeAPI/sprites/master/sprites/pokemon/834.png
833,amaura,https://raw.githubusercontent.com/PokeAPI/sprites/master/sprites/pokemon/833.png
832,tyrantrum,https://raw.githubusercontent.com/PokeAPI/sprites/master/sprites/pokemon/832.png
831,tyrunt,https://raw.githubusercontent.com/PokeAPI/sprites/master/sprites/pokemon/831.png
830,heliolisk,https://raw.githubusercontent.com/PokeAPI/sprites/master/sprites/pokemon/830.png
829,helioptile,https://raw.githubusercontent.com/PokeAPI/sprites/master/sprites/pokemon/829.png
826,dragalge,https://raw.githubusercontent.com/PokeAPI/sprites/master/sprites/pokemon/826.png
825,skrelp,https://raw.githubusercontent.com/PokeAPI/sprites/master/sprites/pokemon/825.png
824,barbaracle,https://raw.githubusercontent.com/PokeAPI/sprites/master/sprites/pokemon/824.png
823,binacle,https://raw.githubusercontent.com/PokeAPI/sprites/master/sprites/pokemon/823.png
822,malamar,https://raw.githubusercontent.com/PokeAPI/sprites/master/sprites/pokemon/822.png
821,inkay,https://raw.githubusercontent.com/PokeAPI/sprites/master/sprites/pokemon/821.png
815,aegislash-shield,https://raw.githubusercontent.com/PokeAPI/sprites/master/sprites/pokemon/815.png
814,doublade,https://raw.githubusercontent.com/PokeAPI/sprites/master/sprites/pokemon/814.png
813,honedge,https://raw.githubusercontent.com/PokeAPI/sprites/master/sprites/pokemon/813.png
808,pangoro,https://raw.githubusercontent.com/PokeAPI/sprites/master/sprites/pokemon/808.png
800,pyroar,https://raw.githubusercontent.com/PokeAPI/sprites/master/sprites/pokemon/800.png
799,litleo,https://raw.githubusercontent.com/PokeAPI/sprites/master/sprites/pokemon/799.png
798,vivillon,https://raw.githubusercontent.com/PokeAPI/sprites/master/sprites/pokemon/798.png
795,talonflame,https://raw.githubusercontent.com/PokeAPI/sprites/master/sprites/pokemon/795.png
794,fletchinder,https://raw.githubusercontent.com/PokeAPI/sprites/master/sprites/pokemon/794.png
793,fletchling,https://raw.githubusercontent.com/PokeAPI/sprites/master/sprites/pokemon/793.png
792,diggersby,https://raw.githubusercontent.com/PokeAPI/sprites/master/sprites/pokemon/792.png
788,greninja,https://raw.githubusercontent.com/PokeAPI/sprites/master/sprites/pokemon/788.png
785,delphox,https://raw.githubusercontent.com/PokeAPI/sprites/master/sprites/pokemon/785.png
782,chesnaught,https://raw.githubusercontent.com/PokeAPI/sprites/master/sprites/pokemon/782.png
779,genesect,https://raw.githubusercontent.com/PokeAPI/sprites/master/sprites/pokemon/779.png
777,meloetta-aria,https://raw.githubusercontent.com/PokeAPI/sprites/master/sprites/pokemon/777.png
775,keldeo-ordinary,https://raw.githubusercontent.com/PokeAPI/sprites/master/sprites/pokemon/775.png
772,kyurem,https://raw.githubusercontent.com/PokeAPI/sprites/master/sprites/pokemon/772.png
770,landorus-incarnate,https://raw.githubusercontent.com/PokeAPI/sprites/master/sprites/pokemon/770.png
769,zekrom,https://raw.githubusercontent.com/PokeAPI/sprites/master/sprites/pokemon/769.png
768,reshiram,https://raw.githubusercontent.com/PokeAPI/sprites/master/sprites/pokemon/768.png
766,thundurus-incarnate,https://raw.githubusercontent.com/PokeAPI/sprites/master/sprites/pokemon/766.png
763,virizion,https://raw.githubusercontent.com/PokeAPI/sprites/master/sprites/pokemon/763.png
762,terrakion,https://raw.githubusercontent.com/PokeAPI/sprites/master/sprites/pokemon/762.png
761,cobalion,https://raw.githubusercontent.com/PokeAPI/sprites/master/sprites/pokemon/761.png
760,volcarona,https://raw.githubusercontent.com/PokeAPI/sprites/master/sprites/pokemon/760.png
759,larvesta,https://raw.githubusercontent.com/PokeAPI/sprites/master/sprites/pokemon/759.png
758,hydreigon,https://raw.githubusercontent.com/PokeAPI/sprites/master/sprites/pokemon/758.png
757,zweilous,https://raw.githubusercontent.com/PokeAPI/sprites/master/sprites/pokemon/757.png
756,deino,https://raw.githubusercontent.com/PokeAPI/sprites/master/sprites/pokemon/756.png
755,durant,https://raw.githubusercontent.com/PokeAPI/sprites/master/sprites/pokemon/755.png
753,mandibuzz,https://raw.githubusercontent.com/PokeAPI/sprites/master/sprites/pokemon/753.png
752,vullaby,https://raw.githubusercontent.com/PokeAPI/sprites/master/sprites/pokemon/752.png
751,braviary,https://raw.githubusercontent.com/PokeAPI/sprites/master/sprites/pokemon/751.png
750,rufflet,https://raw.githubusercontent.com/PokeAPI/sprites/master/sprites/pokemon/750.png
748,bisharp,https://raw.githubusercontent.com/PokeAPI/sprites/master/sprites/pokemon/748.png
747,pawniard,https://raw.githubusercontent.com/PokeAPI/sprites/master/sprites/pokemon/747.png
746,golurk,https://raw.githubusercontent.com/PokeAPI/sprites/master/sprites/pokemon/746.png
745,golett,https://raw.githubusercontent.com/PokeAPI/sprites/master/sprites/pokemon/745.png
740,stunfisk,https://raw.githubusercontent.com/PokeAPI/sprites/master/sprites/pokemon/740.png
731,chandelure,https://raw.githubusercontent.com/PokeAPI/sprites/master/sprites/pokemon/731.png
730,lampent,https://raw.githubusercontent.com/PokeAPI/sprites/master/sprites/pokemon/730.png
729,litwick,https://raw.githubusercontent.com/PokeAPI/sprites/master/sprites/pokemon/729.png
720,ferrothorn,https://raw.githubusercontent.com/PokeAPI/sprites/master/sprites/pokemon/720.png
719,ferroseed,https://raw.githubusercontent.com/PokeAPI/sprites/master/sprites/pokemon/719.png
718,galvantula,https://raw.githubusercontent.com/PokeAPI/sprites/master/sprites/pokemon/718.png
717,joltik,https://raw.githubusercontent.com/PokeAPI/sprites/master/sprites/pokemon/717.png
715,jellicent,https://raw.githubusercontent.com/PokeAPI/sprites/master/sprites/pokemon/715.png
714,frillish,https://raw.githubusercontent.com/PokeAPI/sprites/master/sprites/pokemon/714.png
713,amoonguss,https://raw.githubusercontent.com/PokeAPI/sprites/master/sprites/pokemon/713.png
712,foongus,https://raw.githubusercontent.com/PokeAPI/sprites/master/sprites/pokemon/712.png
711,escavalier,https://raw.githubusercontent.com/PokeAPI/sprites/master/sprites/pokemon/711.png
709,emolga,https://raw.githubusercontent.com/PokeAPI/sprites/master/sprites/pokemon/709.png
708,sawsbuck,https://raw.githubusercontent.com/PokeAPI/sprites/master/sprites/pokemon/708.png
707,deerling,https://raw.githubusercontent.com/PokeAPI/sprites/master/sprites/pokemon/707.png
703,swanna,https://raw.githubusercontent.com/PokeAPI/sprites/master/sprites/pokemon/703.png
702,ducklett,https://raw.githubusercontent.com/PokeAPI/sprites/master/sprites/pokemon/702.png
689,archeops,https://raw.githubusercontent.com/PokeAPI/sprites/master/sprites/pokemon/689.png
688,archen,https://raw.githubusercontent.com/PokeAPI/sprites/master/sprites/pokemon/688.png
687,carracosta,https://raw.githubusercontent.com/PokeAPI/sprites/master/sprites/pokemon/687.png
686,tirtouga,https://raw.githubusercontent.com/PokeAPI/sprites/master/sprites/pokemon/686.png
682,sigilyph,https://raw.githubusercontent.com/PokeAPI/sprites/master/sprites/pokemon/682.png
681,scrafty,https://raw.githubusercontent.com/PokeAPI/sprites/master/sprites/pokemon/681.png
680,scraggy,https://raw.githubusercontent.com/PokeAPI/sprites/master/sprites/pokemon/680.png
679,crustle,https://raw.githubusercontent.com/PokeAPI/sprites/master/sprites/pokemon/679.png
678,dwebble,https://raw.githubusercontent.com/PokeAPI/sprites/master/sprites/pokemon/678.png
670,krookodile,https://raw.githubusercontent.com/PokeAPI/sprites/master/sprites/pokemon/670.png
669,krokorok,https://raw.githubusercontent.com/PokeAPI/sprites/master/sprites/pokemon/669.png
668,sandile,https://raw.githubusercontent.com/PokeAPI/sprites/master/sprites/pokemon/668.png
663,whimsicott,https://raw.githubusercontent.com/PokeAPI/sprites/master/sprites/pokemon/663.png
662,cottonee,https://raw.githubusercontent.com/PokeAPI/sprites/master/sprites/pokemon/662.png
661,scolipede,https://raw.githubusercontent.com/PokeAPI/sprites/master/sprites/pokemon/661.png
660,whirlipede,https://raw.githubusercontent.com/PokeAPI/sprites/master/sprites/pokemon/660.png
659,venipede,https://raw.githubusercontent.com/PokeAPI/sprites/master/sprites/pokemon/659.png
658,leavanny,https://raw.githubusercontent.com/PokeAPI/sprites/master/sprites/pokemon/658.png
657,swadloon,https://raw.githubusercontent.com/PokeAPI/sprites/master/sprites/pokemon/657.png
656,sewaddle,https://raw.githubusercontent.com/PokeAPI/sprites/master/sprites/pokemon/656.png
653,seismitoad,https://raw.githubusercontent.com/PokeAPI/sprites/master/sprites/pokemon/653.png
652,palpitoad,https://raw.githubusercontent.com/PokeAPI/sprites/master/sprites/pokemon/652.png
645,excadrill,https://raw.githubusercontent.com/PokeAPI/sprites/master/sprites/pokemon/645.png
643,swoobat,https://raw.githubusercontent.com/PokeAPI/sprites/master/sprites/pokemon/643.png
642,woobat,https://raw.githubusercontent.com/PokeAPI/sprites/master/sprites/pokemon/642.png
636,unfezant,https://raw.githubusercontent.com/PokeAPI/sprites/master/sprites/pokemon/636.png
635,tranquill,https://raw.githubusercontent.com/PokeAPI/sprites/master/sprites/pokemon/635.png
634,pidove,https://raw.githubusercontent.com/PokeAPI/sprites/master/sprites/pokemon/634.png
615,emboar,https://raw.githubusercontent.com/PokeAPI/sprites/master/sprites/pokemon/615.png
614,pignite,https://raw.githubusercontent.com/PokeAPI/sprites/master/sprites/pokemon/614.png
609,victini,https://raw.githubusercontent.com/PokeAPI/sprites/master/sprites/pokemon/609.png
600,giratina-altered,https://raw.githubusercontent.com/PokeAPI/sprites/master/sprites/pokemon/600.png
598,heatran,https://raw.githubusercontent.com/PokeAPI/sprites/master/sprites/pokemon/598.png
597,palkia,https://raw.githubusercontent.com/PokeAPI/sprites/master/sprites/pokemon/597.png
596,dialga,https://raw.githubusercontent.com/PokeAPI/sprites/master/sprites/pokemon/596.png
587,rotom,https://raw.githubusercontent.com/PokeAPI/sprites/master/sprites/pokemon/587.png
483,froslass,https://raw.githubusercontent.com/PokeAPI/sprites/master/sprites/pokemon/483.png
402,probopass,https://raw.githubusercontent.com/PokeAPI/sprites/master/sprites/pokemon/402.png
384,gallade,https://raw.githubusercontent.com/PokeAPI/sprites/master/sprites/pokemon/384.png
320,mamoswine,https://raw.githubusercontent.com/PokeAPI/sprites/master/sprites/pokemon/320.png
305,gliscor,https://raw.githubusercontent.com/PokeAPI/sprites/master/sprites/pokemon/305.png
290,yanmega,https://raw.githubusercontent.com/PokeAPI/sprites/master/sprites/pokemon/290.png
270,togekiss,https://raw.githubusercontent.com/PokeAPI/sprites/master/sprites/pokemon/270.png
178,rhyperior,https://raw.githubusercontent.com/PokeAPI/sprites/master/sprites/pokemon/178.png
134,magnezone,https://raw.githubusercontent.com/PokeAPI/sprites/master/sprites/pokemon/134.png
313,weavile,https://raw.githubusercontent.com/PokeAPI/sprites/master/sprites/pokemon/313.png
585,abomasnow,https://raw.githubusercontent.com/PokeAPI/sprites/master/sprites/pokemon/585.png
584,snover,https://raw.githubusercontent.com/PokeAPI/sprites/master/sprites/pokemon/584.png
326,mantyke,https://raw.githubusercontent.com/PokeAPI/sprites/master/sprites/pokemon/326.png
580,toxicroak,https://raw.githubusercontent.com/PokeAPI/sprites/master/sprites/pokemon/580.png
579,croagunk,https://raw.githubusercontent.com/PokeAPI/sprites/master/sprites/pokemon/579.png
578,drapion,https://raw.githubusercontent.com/PokeAPI/sprites/master/sprites/pokemon/578.png
577,skorupi,https://raw.githubusercontent.com/PokeAPI/sprites/master/sprites/pokemon/577.png
573,lucario,https://raw.githubusercontent.com/PokeAPI/sprites/master/sprites/pokemon/573.png
570,garchomp,https://raw.githubusercontent.com/PokeAPI/sprites/master/sprites/pokemon/570.png
569,gabite,https://raw.githubusercontent.com/PokeAPI/sprites/master/sprites/pokemon/569.png
568,gible,https://raw.githubusercontent.com/PokeAPI/sprites/master/sprites/pokemon/568.png
567,spiritomb,https://raw.githubusercontent.com/PokeAPI/sprites/master/sprites/pokemon/567.png
566,chatot,https://raw.githubusercontent.com/PokeAPI/sprites/master/sprites/pokemon/566.png
193,mime-jr,https://raw.githubusercontent.com/PokeAPI/sprites/master/sprites/pokemon/193.png
565,bronzong,https://raw.githubusercontent.com/PokeAPI/sprites/master/sprites/pokemon/565.png
564,bronzor,https://raw.githubusercontent.com/PokeAPI/sprites/master/sprites/pokemon/564.png
563,skuntank,https://raw.githubusercontent.com/PokeAPI/sprites/master/sprites/pokemon/563.png
562,stunky,https://raw.githubusercontent.com/PokeAPI/sprites/master/sprites/pokemon/562.png
294,honchkrow,https://raw.githubusercontent.com/PokeAPI/sprites/master/sprites/pokemon/294.png
556,drifblim,https://raw.githubusercontent.com/PokeAPI/sprites/master/sprites/pokemon/556.png
555,drifloon,https://raw.githubusercontent.com/PokeAPI/sprites/master/sprites/pokemon/555.png
554,gastrodon,https://raw.githubusercontent.com/PokeAPI/sprites/master/sprites/pokemon/554.png
547,vespiquen,https://raw.githubusercontent.com/PokeAPI/sprites/master/sprites/pokemon/547.png
546,combee,https://raw.githubusercontent.com/PokeAPI/sprites/master/sprites/pokemon/546.png
545,mothim,https://raw.githubusercontent.com/PokeAPI/sprites/master/sprites/pokemon/545.png
542,wormadam-plant,https://raw.githubusercontent.com/PokeAPI/sprites/master/sprites/pokemon/542.png
540,bastiodon,https://raw.githubusercontent.com/PokeAPI/sprites/master/sprites/pokemon/540.png
539,shieldon,https://raw.githubusercontent.com/PokeAPI/sprites/master/sprites/pokemon/539.png
425,roserade,https://raw.githubusercontent.com/PokeAPI/sprites/master/sprites/pokemon/425.png
423,budew,https://raw.githubusercontent.com/PokeAPI/sprites/master/sprites/pokemon/423.png
531,bibarel,https://raw.githubusercontent.com/PokeAPI/sprites/master/sprites/pokemon/531.png
529,staraptor,https://raw.githubusercontent.com/PokeAPI/sprites/master/sprites/pokemon/529.png
528,staravia,https://raw.githubusercontent.com/PokeAPI/sprites/master/sprites/pokemon/528.png
527,starly,https://raw.githubusercontent.com/PokeAPI/sprites/master/sprites/pokemon/527.png
526,empoleon,https://raw.githubusercontent.com/PokeAPI/sprites/master/sprites/pokemon/526.png
523,infernape,https://raw.githubusercontent.com/PokeAPI/sprites/master/sprites/pokemon/523.png
522,monferno,https://raw.githubusercontent.com/PokeAPI/sprites/master/sprites/pokemon/522.png
520,torterra,https://raw.githubusercontent.com/PokeAPI/sprites/master/sprites/pokemon/520.png
513,jirachi,https://raw.githubusercontent.com/PokeAPI/sprites/master/sprites/pokemon/513.png
511,rayquaza,https://raw.githubusercontent.com/PokeAPI/sprites/master/sprites/pokemon/511.png
505,latios,https://raw.githubusercontent.com/PokeAPI/sprites/master/sprites/pokemon/505.png
503,latias,https://raw.githubusercontent.com/PokeAPI/sprites/master/sprites/pokemon/503.png
498,metagross,https://raw.githubusercontent.com/PokeAPI/sprites/master/sprites/pokemon/498.png
497,metang,https://raw.githubusercontent.com/PokeAPI/sprites/master/sprites/pokemon/497.png
496,beldum,https://raw.githubusercontent.com/PokeAPI/sprites/master/sprites/pokemon/496.png
494,salamence,https://raw.githubusercontent.com/PokeAPI/sprites/master/sprites/pokemon/494.png
490,relicanth,https://raw.githubusercontent.com/PokeAPI/sprites/master/sprites/pokemon/490.png
486,walrein,https://raw.githubusercontent.com/PokeAPI/sprites/master/sprites/pokemon/486.png
485,sealeo,https://raw.githubusercontent.com/PokeAPI/sprites/master/sprites/pokemon/485.png
484,spheal,https://raw.githubusercontent.com/PokeAPI/sprites/master/sprites/pokemon/484.png
475,tropius,https://raw.githubusercontent.com/PokeAPI/sprites/master/sprites/pokemon/475.png
461,armaldo,https://raw.githubusercontent.com/PokeAPI/sprites/master/sprites/pokemon/461.png
460,anorith,https://raw.githubusercontent.com/PokeAPI/sprites/master/sprites/pokemon/460.png
459,cradily,https://raw.githubusercontent.com/PokeAPI/sprites/master/sprites/pokemon/459.png
458,lileep,https://raw.githubusercontent.com/PokeAPI/sprites/master/sprites/pokemon/458.png
457,claydol,https://raw.githubusercontent.com/PokeAPI/sprites/master/sprites/pokemon/457.png
456,baltoy,https://raw.githubusercontent.com/PokeAPI/sprites/master/sprites/pokemon/456.png
455,crawdaunt,https://raw.githubusercontent.com/PokeAPI/sprites/master/sprites/pokemon/455.png
453,whiscash,https://raw.githubusercontent.com/PokeAPI/sprites/master/sprites/pokemon/453.png
452,barboach,https://raw.githubusercontent.com/PokeAPI/sprites/master/sprites/pokemon/452.png
451,solrock,https://raw.githubusercontent.com/PokeAPI/sprites/master/sprites/pokemon/451.png
450,lunatone,https://raw.githubusercontent.com/PokeAPI/sprites/master/sprites/pokemon/450.png
446,altaria,https://raw.githubusercontent.com/PokeAPI/sprites/master/sprites/pokemon/446.png
445,swablu,https://raw.githubusercontent.com/PokeAPI/sprites/master/sprites/pokemon/445.png
444,cacturne,https://raw.githubusercontent.com/PokeAPI/sprites/master/sprites/pokemon/444.png
442,flygon,https://raw.githubusercontent.com/PokeAPI/sprites/master/sprites/pokemon/442.png
441,vibrava,https://raw.githubusercontent.com/PokeAPI/sprites/master/sprites/pokemon/441.png
434,camerupt,https://raw.githubusercontent.com/PokeAPI/sprites/master/sprites/pokemon/434.png
433,numel,https://raw.githubusercontent.com/PokeAPI/sprites/master/sprites/pokemon/433.png
429,sharpedo,https://raw.githubusercontent.com/PokeAPI/sprites/master/sprites/pokemon/429.png
428,carvanha,https://raw.githubusercontent.com/PokeAPI/sprites/master/sprites/pokemon/428.png
424,roselia,https://raw.githubusercontent.com/PokeAPI/sprites/master/sprites/pokemon/424.png
414,medicham,https://raw.githubusercontent.com/PokeAPI/sprites/master/sprites/pokemon/414.png
413,meditite,https://raw.githubusercontent.com/PokeAPI/sprites/master/sprites/pokemon/413.png
411,aggron,https://raw.githubusercontent.com/PokeAPI/sprites/master/sprites/pokemon/411.png
410,lairon,https://raw.githubusercontent.com/PokeAPI/sprites/master/sprites/pokemon/410.png
409,aron,https://raw.githubusercontent.com/PokeAPI/sprites/master/sprites/pokemon/409.png
407,mawile,https://raw.githubusercontent.com/PokeAPI/sprites/master/sprites/pokemon/407.png
405,sableye,https://raw.githubusercontent.com/PokeAPI/sprites/master/sprites/pokemon/405.png
277,azurill,https://raw.githubusercontent.com/PokeAPI/sprites/master/sprites/pokemon/277.png
395,shedinja,https://raw.githubusercontent.com/PokeAPI/sprites/master/sprites/pokemon/395.png
394,ninjask,https://raw.githubusercontent.com/PokeAPI/sprites/master/sprites/pokemon/394.png
393,nincada,https://raw.githubusercontent.com/PokeAPI/sprites/master/sprites/pokemon/393.png
389,breloom,https://raw.githubusercontent.com/PokeAPI/sprites/master/sprites/pokemon/389.png
387,masquerain,https://raw.githubusercontent.com/PokeAPI/sprites/master/sprites/pokemon/387.png
386,surskit,https://raw.githubusercontent.com/PokeAPI/sprites/master/sprites/pokemon/386.png
382,gardevoir,https://raw.githubusercontent.com/PokeAPI/sprites/master/sprites/pokemon/382.png
381,kirlia,https://raw.githubusercontent.com/PokeAPI/sprites/master/sprites/pokemon/381.png
380,ralts,https://raw.githubusercontent.com/PokeAPI/sprites/master/sprites/pokemon/380.png
379,pelipper,https://raw.githubusercontent.com/PokeAPI/sprites/master/sprites/pokemon/379.png
378,wingull,https://raw.githubusercontent.com/PokeAPI/sprites/master/sprites/pokemon/378.png
377,swellow,https://raw.githubusercontent.com/PokeAPI/sprites/master/sprites/pokemon/377.png
376,taillow,https://raw.githubusercontent.com/PokeAPI/sprites/master/sprites/pokemon/376.png
375,shiftry,https://raw.githubusercontent.com/PokeAPI/sprites/master/sprites/pokemon/375.png
374,nuzleaf,https://raw.githubusercontent.com/PokeAPI/sprites/master/sprites/pokemon/374.png
372,ludicolo,https://raw.githubusercontent.com/PokeAPI/sprites/master/sprites/pokemon/372.png
371,lombre,https://raw.githubusercontent.com/PokeAPI/sprites/master/sprites/pokemon/371.png
370,lotad,https://raw.githubusercontent.com/PokeAPI/sprites/master/sprites/pokemon/370.png
369,dustox,https://raw.githubusercontent.com/PokeAPI/sprites/master/sprites/pokemon/369.png
367,beautifly,https://raw.githubusercontent.com/PokeAPI/sprites/master/sprites/pokemon/367.png
357,swampert,https://raw.githubusercontent.com/PokeAPI/sprites/master/sprites/pokemon/357.png
356,marshtomp,https://raw.githubusercontent.com/PokeAPI/sprites/master/sprites/pokemon/356.png
353,blaziken,https://raw.githubusercontent.com/PokeAPI/sprites/master/sprites/pokemon/353.png
352,combusken,https://raw.githubusercontent.com/PokeAPI/sprites/master/sprites/pokemon/352.png
346,celebi,https://raw.githubusercontent.com/PokeAPI/sprites/master/sprites/pokemon/346.png
345,ho-oh,https://raw.githubusercontent.com/PokeAPI/sprites/master/sprites/pokemon/345.png
344,lugia,https://raw.githubusercontent.com/PokeAPI/sprites/master/sprites/pokemon/344.png
342,tyranitar,https://raw.githubusercontent.com/PokeAPI/sprites/master/sprites/pokemon/342.png
341,pupitar,https://raw.githubusercontent.com/PokeAPI/sprites/master/sprites/pokemon/341.png
340,larvitar,https://raw.githubusercontent.com/PokeAPI/sprites/master/sprites/pokemon/340.png
199,smoochum,https://raw.githubusercontent.com/PokeAPI/sprites/master/sprites/pokemon/199.png
188,kingdra,https://raw.githubusercontent.com/PokeAPI/sprites/master/sprites/pokemon/188.png
330,houndoom,https://raw.githubusercontent.com/PokeAPI/sprites/master/sprites/pokemon/330.png
329,houndour,https://raw.githubusercontent.com/PokeAPI/sprites/master/sprites/pokemon/329.png
328,skarmory,https://raw.githubusercontent.com/PokeAPI/sprites/master/sprites/pokemon/328.png
327,mantine,https://raw.githubusercontent.com/PokeAPI/sprites/master/sprites/pokemon/327.png
325,delibird,https://raw.githubusercontent.com/PokeAPI/sprites/master/sprites/pokemon/325.png
321,corsola,https://raw.githubusercontent.com/PokeAPI/sprites/master/sprites/pokemon/321.png
319,piloswine,https://raw.githubusercontent.com/PokeAPI/sprites/master/sprites/pokemon/319.png
318,swinub,https://raw.githubusercontent.com/PokeAPI/sprites/master/sprites/pokemon/318.png
317,magcargo,https://raw.githubusercontent.com/PokeAPI/sprites/master/sprites/pokemon/317.png
312,sneasel,https://raw.githubusercontent.com/PokeAPI/sprites/master/sprites/pokemon/312.png
310,heracross,https://raw.githubusercontent.com/PokeAPI/sprites/master/sprites/pokemon/310.png
309,shuckle,https://raw.githubusercontent.com/PokeAPI/sprites/master/sprites/pokemon/309.png
197,scizor,https://raw.githubusercontent.com/PokeAPI/sprites/master/sprites/pokemon/197.png
308,qwilfish,https://raw.githubusercontent.com/PokeAPI/sprites/master/sprites/pokemon/308.png
152,steelix,https://raw.githubusercontent.com/PokeAPI/sprites/master/sprites/pokemon/152.png
304,gligar,https://raw.githubusercontent.com/PokeAPI/sprites/master/sprites/pokemon/304.png
302,forretress,https://raw.githubusercontent.com/PokeAPI/sprites/master/sprites/pokemon/302.png
300,girafarig,https://raw.githubusercontent.com/PokeAPI/sprites/master/sprites/pokemon/300.png
130,slowking,https://raw.githubusercontent.com/PokeAPI/sprites/master/sprites/pokemon/130.png
293,murkrow,https://raw.githubusercontent.com/PokeAPI/sprites/master/sprites/pokemon/293.png
292,quagsire,https://raw.githubusercontent.com/PokeAPI/sprites/master/sprites/pokemon/292.png
291,wooper,https://raw.githubusercontent.com/PokeAPI/sprites/master/sprites/pokemon/291.png
289,yanma,https://raw.githubusercontent.com/PokeAPI/sprites/master/sprites/pokemon/289.png
284,jumpluff,https://raw.githubusercontent.com/PokeAPI/sprites/master/sprites/pokemon/284.png
283,skiploom,https://raw.githubusercontent.com/PokeAPI/sprites/master/sprites/pokemon/283.png
282,hoppip,https://raw.githubusercontent.com/PokeAPI/sprites/master/sprites/pokemon/282.png
279,azumarill,https://raw.githubusercontent.com/PokeAPI/sprites/master/sprites/pokemon/279.png
278,marill,https://raw.githubusercontent.com/PokeAPI/sprites/master/sprites/pokemon/278.png
272,xatu,https://raw.githubusercontent.com/PokeAPI/sprites/master/sprites/pokemon/272.png
271,natu,https://raw.githubusercontent.com/PokeAPI/sprites/master/sprites/pokemon/271.png
269,togetic,https://raw.githubusercontent.com/PokeAPI/sprites/master/sprites/pokemon/269.png
70,igglybuff,https://raw.githubusercontent.com/PokeAPI/sprites/master/sprites/pokemon/70.png
267,lanturn,https://raw.githubusercontent.com/PokeAPI/sprites/master/sprites/pokemon/267.png
266,chinchou,https://raw.githubusercontent.com/PokeAPI/sprites/master/sprites/pokemon/266.png
75,crobat,https://raw.githubusercontent.com/PokeAPI/sprites/master/sprites/pokemon/75.png
265,ariados,https://raw.githubusercontent.com/PokeAPI/sprites/master/sprites/pokemon/265.png
264,spinarak,https://raw.githubusercontent.com/PokeAPI/sprites/master/sprites/pokemon/264.png
263,ledian,https://raw.githubusercontent.com/PokeAPI/sprites/master/sprites/pokemon/263.png
262,ledyba,https://raw.githubusercontent.com/PokeAPI/sprites/master/sprites/pokemon/262.png
261,noctowl,https://raw.githubusercontent.com/PokeAPI/sprites/master/sprites/pokemon/261.png
260,hoothoot,https://raw.githubusercontent.com/PokeAPI/sprites/master/sprites/pokemon/260.png
244,dragonite,https://raw.githubusercontent.com/PokeAPI/sprites/master/sprites/pokemon/244.png
240,moltres,https://raw.githubusercontent.com/PokeAPI/sprites/master/sprites/pokemon/240.png
238,zapdos,https://raw.githubusercontent.com/PokeAPI/sprites/master/sprites/pokemon/238.png
236,articuno,https://raw.githubusercontent.com/PokeAPI/sprites/master/sprites/pokemon/236.png
232,aerodactyl,https://raw.githubusercontent.com/PokeAPI/sprites/master/sprites/pokemon/232.png
231,kabutops,https://raw.githubusercontent.com/PokeAPI/sprites/master/sprites/pokemon/231.png
230,kabuto,https://raw.githubusercontent.com/PokeAPI/sprites/master/sprites/pokemon/230.png
229,omastar,https://raw.githubusercontent.com/PokeAPI/sprites/master/sprites/pokemon/229.png
228,omanyte,https://raw.githubusercontent.com/PokeAPI/sprites/master/sprites/pokemon/228.png
213,lapras,https://raw.githubusercontent.com/PokeAPI/sprites/master/sprites/pokemon/213.png
211,gyarados,https://raw.githubusercontent.com/PokeAPI/sprites/master/sprites/pokemon/211.png
200,jynx,https://raw.githubusercontent.com/PokeAPI/sprites/master/sprites/pokemon/200.png
196,scyther,https://raw.githubusercontent.com/PokeAPI/sprites/master/sprites/pokemon/196.png
194,mr-mime,https://raw.githubusercontent.com/PokeAPI/sprites/master/sprites/pokemon/194.png
192,starmie,https://raw.githubusercontent.com/PokeAPI/sprites/master/sprites/pokemon/192.png
177,rhydon,https://raw.githubusercontent.com/PokeAPI/sprites/master/sprites/pokemon/177.png
176,rhyhorn,https://raw.githubusercontent.com/PokeAPI/sprites/master/sprites/pokemon/176.png
161,exeggutor,https://raw.githubusercontent.com/PokeAPI/sprites/master/sprites/pokemon/161.png
160,exeggcute,https://raw.githubusercontent.com/PokeAPI/sprites/master/sprites/pokemon/160.png
151,onix,https://raw.githubusercontent.com/PokeAPI/sprites/master/sprites/pokemon/151.png
149,gengar,https://raw.githubusercontent.com/PokeAPI/sprites/master/sprites/pokemon/149.png
148,haunter,https://raw.githubusercontent.com/PokeAPI/sprites/master/sprites/pokemon/148.png
147,gastly,https://raw.githubusercontent.com/PokeAPI/sprites/master/sprites/pokemon/147.png
146,cloyster,https://raw.githubusercontent.com/PokeAPI/sprites/master/sprites/pokemon/146.png
140,dewgong,https://raw.githubusercontent.com/PokeAPI/sprites/master/sprites/pokemon/140.png
138,dodrio,https://raw.githubusercontent.com/PokeAPI/sprites/master/sprites/pokemon/138.png
137,doduo,https://raw.githubusercontent.com/PokeAPI/sprites/master/sprites/pokemon/137.png
135,farfetchd,https://raw.githubusercontent.com/PokeAPI/sprites/master/sprites/pokemon/135.png
133,magneton,https://raw.githubusercontent.com/PokeAPI/sprites/master/sprites/pokemon/133.png
132,magnemite,https://raw.githubusercontent.com/PokeAPI/sprites/master/sprites/pokemon/132.png
127,slowbro,https://raw.githubusercontent.com/PokeAPI/sprites/master/sprites/pokemon/127.png
125,slowpoke,https://raw.githubusercontent.com/PokeAPI/sprites/master/sprites/pokemon/125.png
119,golem,https://raw.githubusercontent.com/PokeAPI/sprites/master/sprites/pokemon/119.png
117,graveler,https://raw.githubusercontent.com/PokeAPI/sprites/master/sprites/pokemon/117.png
115,geodude,https://raw.githubusercontent.com/PokeAPI/sprites/master/sprites/pokemon/115.png
114,tentacruel,https://raw.githubusercontent.com/PokeAPI/sprites/master/sprites/pokemon/114.png
113,tentacool,https://raw.githubusercontent.com/PokeAPI/sprites/master/sprites/pokemon/113.png
112,victreebel,https://raw.githubusercontent.com/PokeAPI/sprites/master/sprites/pokemon/112.png
111,weepinbell,https://raw.githubusercontent.com/PokeAPI/sprites/master/sprites/pokemon/111.png
110,bellsprout,https://raw.githubusercontent.com/PokeAPI/sprites/master/sprites/pokemon/110.png
101,poliwrath,https://raw.githubusercontent.com/PokeAPI/sprites/master/sprites/pokemon/101.png
83,venomoth,https://raw.githubusercontent.com/PokeAPI/sprites/master/sprites/pokemon/83.png
82,venonat,https://raw.githubusercontent.com/PokeAPI/sprites/master/sprites/pokemon/82.png
81,parasect,https://raw.githubusercontent.com/PokeAPI/sprites/master/sprites/pokemon/81.png
80,paras,https://raw.githubusercontent.com/PokeAPI/sprites/master/sprites/pokemon/80.png
78,vileplume,https://raw.githubusercontent.com/PokeAPI/sprites/master/sprites/pokemon/78.png
77,gloom,https://raw.githubusercontent.com/PokeAPI/sprites/master/sprites/pokemon/77.png
76,oddish,https://raw.githubusercontent.com/PokeAPI/sprites/master/sprites/pokemon/76.png
74,golbat,https://raw.githubusercontent.com/PokeAPI/sprites/master/sprites/pokemon/74.png
73,zubat,https://raw.githubusercontent.com/PokeAPI/sprites/master/sprites/pokemon/73.png
72,wigglytuff,https://raw.githubusercontent.com/PokeAPI/sprites/master/sprites/pokemon/72.png
71,jigglypuff,https://raw.githubusercontent.com/PokeAPI/sprites/master/sprites/pokemon/71.png
62,nidoking,https://raw.githubusercontent.com/PokeAPI/sprites/master/sprites/pokemon/62.png
59,nidoqueen,https://raw.githubusercontent.com/PokeAPI/sprites/master/sprites/pokemon/59.png
31,fearow,https://raw.githubusercontent.com/PokeAPI/sprites/master/sprites/pokemon/31.png
30,spearow,https://raw.githubusercontent.com/PokeAPI/sprites/master/sprites/pokemon/30.png
23,pidgeot,https://raw.githubusercontent.com/PokeAPI/sprites/master/sprites/pokemon/23.png
22,pidgeotto,https://raw.githubusercontent.com/PokeAPI/sprites/master/sprites/pokemon/22.png
21,pidgey,https://raw.githubusercontent.com/PokeAPI/sprites/master/sprites/pokemon/21.png
19,beedrill,https://raw.githubusercontent.com/PokeAPI/sprites/master/sprites/pokemon/19.png
18,kakuna,https://raw.githubusercontent.com/PokeAPI/sprites/master/sprites/pokemon/18.png
17,weedle,https://raw.githubusercontent.com/PokeAPI/sprites/master/sprites/pokemon/17.png
16,butterfree,https://raw.githubusercontent.com/PokeAPI/sprites/master/sprites/pokemon/16.png
7,charizard,https://raw.githubusercontent.com/PokeAPI/sprites/master/sprites/pokemon/7.png
3,venusaur,https://raw.githubusercontent.com/PokeAPI/sprites/master/sprites/pokemon/3.png
2,ivysaur,https://raw.githubusercontent.com/PokeAPI/sprites/master/sprites/pokemon/2.png
1,bulbasaur,https://raw.githubusercontent.com/PokeAPI/sprites/master/sprites/pokemon/1.png
